{
  "integrations": [
    {
      "id": "4ab0a768-ee56-4e83-8273-826b6b50bf97",
      "name": "Inbound Build Notification",
      "action": "CREATE_EVENT",
      "type": "INBOUND_WEBHOOK",
      "deployed": true,
      "form": "0ad5e132-35ba-49d6-9193-c2424f65249f",
      "script": "/*\nInbound script used to transform the payload coming in from TeamCity.\n*/\n\nvar teamcityLibrary = require('teamcityUtility');\n\n\nvar payload = JSON.parse(request.body);  //Use this if the payload is a JSON object in the request body\n\n    var channelName = payload.build.buildFullName.replace(/::/g, ' ').replace(/ /g,'-').substring(0,18).toLowerCase() + \"_\" + payload.build.buildNumber;\n    var slackresponse = slackLibrary.createChannel(channelName);\n    console.log(\"Slack Response: \" + JSON.stringify(slackresponse));\n    slackLibrary.postMessage(\"?token=\" + http.authenticate( 'Slack' ) + \"&channel=\" + slackresponse.name + \"&text=\" + encodeURIComponent(payload.build.projectName + \" - \" + payload.build.buildNumber + \" - \" + \" failed\"));\n    \nvar changeinfo = teamcityLibrary.teamcityGet(payload.build.buildId);\n\nconsole.log(\"Change Info: \" + JSON.stringify(changeinfo))\ntrigger.recipients = recipients;\n    trigger.properties = payload.build;\n    trigger.properties.Message = \"A build failure has occured.\";\n\n    \n    \n    trigger.properties.channel = slackresponse.name;\n    trigger.properties.buildInfo = JSON.stringify(payload.build);\n    trigger.properties.changeInfo = JSON.stringify(payload.build.changes);\n\n    \n    \nif (changeinfo.count == 0){\n    console.log(\"Notifying the Build Manager\");\n    var recipients = [];\n    recipients.push({'targetName': 'kapgar'});\n    form.post(trigger);\n    slackLibrary.postMessage(\"?token=\" + http.authenticate( 'Slack' ) + \"&channel=\" + slackresponse.name + \"&text=\" + encodeURIComponent(\"Build Manger: kapgar has been notified.  No committers have been notified.\"));\n}\n\n\nfor (i = 0; i < changeinfo.count; i++) { \n    console.log(\"Notifying the Users With Commits\");\n    \n    var user = changeinfo.change[i].username;\n    console.log(\"User: \" + user);\n    var changeurllocal = changeinfo.change[i].webUrl;\n    var changeurldeep = changeurllocal.replace('win2k8r2ent', '199.204.219.203');\n    console.log(\"Change URL: \" + changeurldeep);\n    \n    var recipients = [];\n    recipients.push({'targetName': user});\n    \n    trigger.properties.Message = \"Your commits have been associated with a failed build.\"\n    trigger.recipients = recipients;\n    trigger.properties.change = JSON.stringify(payload.build.changes);\n    form.post(trigger);\n}\n\n\n\n\n\n\n\n\n\n\n\n\n\n",
      "environment": "HOSTED"
    }
  ],
  "endpoints": [
    {
      "name": "TeamCity",
      "baseUrl": "http://199.204.219.203",
      "type": "EXTERNAL",
      "authentication": "NO_AUTH"
    }
  ],
  "constants": []
}